INSERT INTO clientes (nombre, apellidos, email) VALUES ('Juan','Gonzalez Perez','jgp@email.com');
INSERT INTO clientes (nombre, apellidos, email) VALUES ('Rosa','Martinez Lopez','rml@email.com');
INSERT INTO clientes (nombre, apellidos, email) VALUES ('Pepe','Alvarez Gonzalez','pag@email.com');
INSERT INTO clientes (nombre, apellidos, email) VALUES ('Maria','Rodriguez Arias','mra@email.com');
INSERT INTO clientes (nombre, apellidos, email) VALUES ('Angela','Perez Lopez','apl@email.com');

INSERT INTO compras (cliente_id, fecha_compra, total) VALUES (1, '2005-11-12', 0.0);
INSERT INTO compras (cliente_id, fecha_compra, total) VALUES (2, '2014-12-05', 0.0);
INSERT INTO compras (cliente_id, fecha_compra, total) VALUES (3, '2017-07-07', 0.0);
INSERT INTO compras (cliente_id, fecha_compra, total) VALUES (4, '2001-05-11', 0.0);
INSERT INTO compras (cliente_id, fecha_compra, total) VALUES (5, '2000-08-10', 0.0);

INSERT INTO productos (nombre,descripcion,marca,precio,compra_id) VALUES ('iPhone 13','Smartphone de ultima generacion','Apple',1000,1);
INSERT INTO productos (nombre,descripcion,marca,precio,compra_id) VALUES ('Zapatillas','Zapatillas running','Asics',85.50,1);
INSERT INTO productos (nombre,descripcion,marca,precio,compra_id) VALUES ('Chaqueta','Una chaqueta manga larga','Nike',74.95,1);
INSERT INTO productos (nombre,descripcion,marca,precio,compra_id) VALUES ('Ordenador','Un ordenador portatil','Apple',2500,2);
INSERT INTO productos (nombre,descripcion,marca,precio,compra_id) VALUES ('Pantalón','Un pantalon vaquero','Levis',60,3);
INSERT INTO productos (nombre,descripcion,marca,precio,compra_id) VALUES ('Pelota','Un balon de futbol','Adidas',15.50,3);
INSERT INTO productos (nombre,descripcion,marca,precio,compra_id) VALUES ('Television','Smart TV 32 pulgadas','LG',240,2);
INSERT INTO productos (nombre,descripcion,marca,precio,compra_id) VALUES ('Ordenador','Un ordenador portatil','MSI',2350,4);
INSERT INTO productos (nombre,descripcion,marca,precio,compra_id) VALUES ('Chandal','Un chandal deportivo','Adidas',95.75,5);
INSERT INTO productos (nombre,descripcion,marca,precio,compra_id) VALUES ('Television','Smart TV 4K 50 pulgadas','Samsung',1250,4);





